,id,base_currency,quote_currency,base_min_size,base_max_size,quote_increment,base_increment,display_name,min_market_funds,max_market_funds,margin_enabled,fx_stablecoin,max_slippage_percentage,post_only,limit_only,cancel_only,trading_disabled,status,status_message,auction_mode
0,BTRST-USD,BTRST,USD,0.17,83000,0.001,0.01,BTRST/USD,1,220000,False,False,0.03000000,False,False,False,False,online,,False
1,APE-USD,APE,USD,0.05,63000,0.001,0.01,APE/USD,1,250000,False,False,0.03000000,False,False,False,False,online,,False
2,ALGO-BTC,ALGO,BTC,1,600000,1E-8,1,ALGO/BTC,0.000016,19,False,False,0.03000000,False,False,False,False,online,,False
3,LQTY-USD,LQTY,USD,0.1,42000,0.01,0.01,LQTY/USD,1,230000,False,False,0.03000000,False,False,False,False,online,,False
4,CGLD-GBP,CGLD,GBP,0.16,65000,0.001,0.01,CGLD/GBP,0.72,220000,False,False,0.03000000,False,False,False,False,online,,False
5,NU-USD,NU,USD,1.1,870000,0.0001,0.000001,NU/USD,1,530000,False,False,0.03000000,False,False,False,False,online,,False
6,MDT-USD,MDT,USD,10,6800000,0.00001,1,MDT/USD,1,550000,False,False,0.03000000,False,False,False,False,online,,False
7,IDEX-USDT,IDEX,USDT,1,1100000,0.0001,0.1,IDEX/USDT,1,200000,False,False,0.03000000,False,False,False,False,online,,False
8,ERN-EUR,ERN,EUR,0.01,19000,0.01,0.001,ERN/EUR,1,100000,False,False,0.03000000,False,True,False,False,online,,False
9,USDC-GBP,USDC,GBP,0.98,810000,0.001,0.01,USDC/GBP,0.72,600000,False,True,0.01000000,False,False,False,False,online,,False
10,PLA-USD,PLA,USD,0.5,340000,0.0001,0.1,PLA/USD,1,350000,False,False,0.03000000,False,False,False,False,online,,False
11,CRO-USD,CRO,USD,1,3800000,0.0001,0.1,CRO/USD,1,1700000,False,False,0.03000000,False,False,False,False,online,,False
12,UPI-USD,UPI,USD,10,8200000,0.00001,1,UPI/USD,1,100000,False,False,0.03000000,False,False,False,False,online,,False
13,CGLD-BTC,CGLD,BTC,0.16,110000,1E-8,0.01,CGLD/BTC,0.000016,12,False,False,0.03000000,False,False,False,False,online,,False
14,GODS-USD,GODS,USD,0.1,69000,0.01,0.01,GODS/USD,1,220000,False,False,0.03000000,False,False,False,False,online,,False
15,AIOZ-USD,AIOZ,USD,1,1700000,0.0001,0.1,AIOZ/USD,1,250000,False,False,0.03000000,False,False,False,False,online,,False
16,BTRST-BTC,BTRST,BTC,0.17,79000,1E-8,0.01,BTRST/BTC,0.000016,10,False,False,0.03000000,False,False,False,False,online,,False
17,POLS-USD,POLS,USD,0.1,93000,0.01,0.01,POLS/USD,1,100000,False,False,0.03000000,False,False,False,False,online,,False
18,DAI-USD,DAI,USD,0.99,6400000,0.000001,0.00001,DAI/USD,1,6400000,False,True,0.01000000,False,False,False,False,online,,False
19,DIA-USDT,DIA,USDT,0.1,220000,0.01,0.01,DIA/USDT,1,100000,False,False,0.03000000,False,True,False,False,online,,False
20,LQTY-USDT,LQTY,USDT,0.1,28000,0.01,0.01,LQTY/USDT,1,100000,False,False,0.03000000,False,True,False,False,online,,False
21,WLUNA-GBP,WLUNA,GBP,0.02,2600,0.01,0.001,WLUNA/GBP,0.72,160000,False,False,0.03000000,False,False,False,False,online,,False
22,SYN-USD,SYN,USD,0.1,120000,0.001,0.01,SYN/USD,1,250000,False,False,0.03000000,False,True,False,False,online,,False
23,ENJ-USD,ENJ,USD,0.32,510000,0.001,0.01,ENJ/USD,1,1200000,False,False,0.03000000,False,False,False,False,online,,False
24,TRIBE-USD,TRIBE,USD,0.9,200000,0.0001,0.1,TRIBE/USD,1,210000,False,False,0.03000000,False,False,False,False,online,,False
25,ICP-USDT,ICP,USDT,0.021,19000,0.01,0.0001,ICP/USDT,1,530000,False,False,0.03000000,False,False,False,False,online,,False
26,PERP-EUR,PERP,EUR,0.059,23000,0.01,0.001,PERP/EUR,0.84,170000,False,False,0.03000000,False,False,False,False,online,,False
27,REN-USD,REN,USD,1,1300000,0.0001,0.000001,REN/USD,1,540000,False,False,0.03000000,False,False,False,False,online,,False
28,WLUNA-USDT,WLUNA,USDT,0.021,7700,0.01,0.001,WLUNA/USDT,1,620000,False,False,0.03000000,False,False,False,False,online,,False
29,FIDA-USDT,FIDA,USDT,0.1,36000,0.01,0.01,FIDA/USDT,1,100000,False,False,0.03000000,False,False,False,False,online,,False
30,DAI-USDC,DAI,USDC,0.99,1100000,0.000001,0.00001,DAI/USDC,1,1100000,False,True,0.01000000,False,False,False,False,online,,False
31,USDT-GBP,USDT,GBP,0.97,1200000,0.0001,0.01,USDT/GBP,0.72,830000,False,True,0.01000000,False,False,False,False,online,,False
32,KRL-USD,KRL,USD,0.3,190000,0.0001,0.1,KRL/USD,1,200000,False,False,0.03000000,False,False,False,False,online,,False
33,ANKR-BTC,ANKR,BTC,7,3000000,1E-8,1,ANKR/BTC,0.000016,10,False,False,0.03000000,False,False,False,False,online,,False
34,ETH-BTC,ETH,BTC,0.00022,3300,0.00001,0.00000001,ETH/BTC,0.00001,250,False,False,0.03000000,False,False,False,False,online,,False
35,BCH-BTC,BCH,BTC,0.0016,2300,0.000001,0.00000001,BCH/BTC,0.00001,21,False,False,0.03000000,False,False,False,False,online,,False
36,LCX-USDT,LCX,USDT,2.8,1600000,0.0001,0.1,LCX/USDT,1,200000,False,False,0.03000000,False,False,False,False,online,,False
37,RLC-BTC,RLC,BTC,0.22,79000,1E-7,0.01,RLC/BTC,0.000016,10,False,False,0.03000000,False,False,False,False,online,,False
38,WLUNA-USD,WLUNA,USD,0.021,29000,0.01,0.001,WLUNA/USD,1,2300000,False,False,0.03000000,False,False,False,False,online,,False
39,LTC-USD,LTC,USD,0.0043,28000,0.01,0.00000001,LTC/USD,1,3900000,False,False,0.03000000,False,False,False,False,online,,False
40,NMR-EUR,NMR,EUR,0.022,7100,0.01,0.001,NMR/EUR,0.84,170000,False,False,0.03000000,False,False,False,False,online,,False
41,LTC-EUR,LTC,EUR,0.0042,8100,0.01,0.00000001,LTC/EUR,0.84,1000000,False,False,0.03000000,False,False,False,False,online,,False
42,ENJ-USDT,ENJ,USDT,0.1,170000,0.001,0.01,ENJ/USDT,1,250000,False,False,0.03000000,False,False,False,False,online,,False
43,BADGER-EUR,BADGER,EUR,0.031,14000,0.01,0.001,BADGER/EUR,0.84,170000,False,False,0.03000000,False,False,False,False,online,,False
44,FIL-USD,FIL,USD,0.016,62000,0.01,0.001,FIL/USD,1,1800000,False,False,0.03000000,False,False,False,False,online,,False
45,ICP-BTC,ICP,BTC,0.021,17000,1E-7,0.0001,ICP/BTC,0.000016,12,False,False,0.03000000,False,False,False,False,online,,False
46,SUKU-USDT,SUKU,USDT,0.9,460000,0.0001,0.1,SUKU/USDT,1,210000,False,False,0.03000000,False,False,False,False,online,,False
47,ORCA-USD,ORCA,USD,0.1,29000,0.01,0.01,ORCA/USD,1,100000,False,False,0.03000000,False,False,False,False,online,,False
48,ADA-BTC,ADA,BTC,0.5,820000,1E-8,0.01,ADA/BTC,0.000016,27,False,False,0.03000000,False,False,False,False,online,,False
49,RLY-GBP,RLY,GBP,1,660000,0.0001,1,RLY/GBP,0.72,150000,False,False,0.03000000,False,False,False,False,online,,False
50,POWR-EUR,POWR,EUR,1.3,70000,0.0001,0.1,POWR/EUR,0.84,43000,False,False,0.03000000,False,True,False,False,online,,False
51,FARM-USD,FARM,USD,0.006,3100,0.01,0.001,FARM/USD,1,420000,False,False,0.03000000,False,False,False,False,online,,False
52,NKN-GBP,NKN,GBP,1.7,720000,0.0001,0.1,NKN/GBP,0.72,150000,False,False,0.03000000,False,False,False,False,online,,False
53,1INCH-EUR,1INCH,EUR,0.22,88000,0.001,0.01,1INCH/EUR,0.84,170000,False,False,0.03000000,False,False,False,False,online,,False
54,DESO-USD,DESO,USD,0.01,2800,0.01,0.001,DESO/USD,1,100000,False,False,0.03000000,False,True,False,False,online,,False
55,AXS-EUR,AXS,EUR,0.006,5400,0.01,0.001,AXS/EUR,0.84,350000,False,False,0.03000000,False,False,False,False,online,,False
56,UNI-USD,UNI,USD,0.041,130000,0.01,0.000001,UNI/USD,1,2000000,False,False,0.03000000,False,False,False,False,online,,False
57,SHIB-USDT,SHIB,USDT,18000,62000000000,1E-7,1,SHIB/USDT,1,1800000,False,False,0.03000000,False,False,False,False,online,,False
58,CLV-USD,CLV,USD,0.78,550000,0.0001,0.01,CLV/USD,1,320000,False,False,0.03000000,False,False,False,False,online,,False
59,AGLD-USD,AGLD,USD,0.36,200000,0.001,0.01,AGLD/USD,1,260000,False,False,0.03000000,False,False,False,False,online,,False
60,AERGO-USD,AERGO,USD,1,1500000,0.0001,0.1,AERGO/USD,1,250000,False,False,0.03000000,False,False,False,False,online,,False
61,FORTH-EUR,FORTH,EUR,0.061,27000,0.01,0.001,FORTH/EUR,0.84,170000,False,False,0.03000000,False,False,False,False,online,,False
62,STORJ-BTC,STORJ,BTC,0.57,190000,1E-8,0.01,STORJ/BTC,0.000016,10,False,False,0.03000000,False,False,False,False,online,,False
63,MASK-GBP,MASK,GBP,0.07,23000,0.001,0.01,MASK/GBP,0.72,150000,False,False,0.03000000,False,False,False,False,online,,False
64,AVAX-EUR,AVAX,EUR,0.01,9700,0.01,0.001,AVAX/EUR,0.84,740000,False,False,0.03000000,False,False,False,False,online,,False
65,BCH-USD,BCH,USD,0.0016,6600,0.01,0.00000001,BCH/USD,1,2500000,False,False,0.03000000,False,False,False,False,online,,False
66,EOS-BTC,EOS,BTC,0.2,160000,1E-8,0.1,EOS/BTC,0.000016,11,False,False,0.03000000,False,False,False,False,online,,False
67,CHZ-USD,CHZ,USD,2,2600000,0.0001,0.1,CHZ/USD,1,650000,False,False,0.03000000,False,False,False,False,online,,False
68,BAT-BTC,BAT,BTC,0.92,320000,1E-8,0.01,BAT/BTC,0.000016,10,False,False,0.03000000,False,False,False,False,online,,False
69,ZEN-BTC,ZEN,BTC,0.01,1300,1E-7,0.001,ZEN/BTC,0.000016,2,False,False,0.03000000,False,False,False,False,online,,False
70,ENJ-BTC,ENJ,BTC,0.32,190000,1E-8,0.01,ENJ/BTC,0.000016,11,False,False,0.03000000,False,False,False,False,online,,False
71,ETC-GBP,ETC,GBP,0.018,7600,0.01,0.00000001,ETC/GBP,0.72,180000,False,False,0.03000000,False,False,False,False,online,"Our ETC order books are now in full-trading mode. Limit, market and stop orders are all now available.",False
72,TRU-EUR,TRU,EUR,1.7,740000,0.0001,0.1,TRU/EUR,0.84,170000,False,False,0.03000000,False,False,False,False,online,,False
73,GLM-USD,GLM,USD,1,680000,0.0001,0.1,GLM/USD,1,250000,False,False,0.03000000,False,True,False,False,online,,False
74,RNDR-EUR,RNDR,EUR,0.1,110000,0.01,0.01,RNDR/EUR,1,100000,False,False,0.03000000,False,True,False,False,online,,False
75,SOL-EUR,SOL,EUR,0.004,11000,0.01,0.001,SOL/EUR,0.84,1300000,False,False,0.03000000,False,False,False,False,online,,False
76,UST-USDT,UST,USDT,0.99,880000,0.001,0.01,UST/USDT,1,880000,False,True,0.01000000,False,False,False,False,online,,False
77,QSP-USDT,QSP,USDT,10,11000000,0.00001,1,QSP/USDT,1,100000,False,False,0.03000000,False,False,False,False,online,,False
78,AMP-USD,AMP,USD,17,25000000,0.00001,1,AMP/USD,1,970000,False,False,0.03000000,False,False,False,False,online,,False
79,AVAX-USD,AVAX,USD,0.011,52000,0.01,0.001,AVAX/USD,1,4500000,False,False,0.03000000,False,False,False,False,online,,False
80,XLM-BTC,XLM,BTC,2,2900000,1E-8,1,XLM/BTC,0.000016,17,False,False,0.03000000,False,False,False,False,online,,False
81,SUSHI-ETH,SUSHI,ETH,0.09,34000,0.000001,0.01,SUSHI/ETH,0.00022,69,False,False,0.03000000,False,False,False,False,online,,False
82,GRT-USD,GRT,USD,0.96,2100000,0.0001,0.01,GRT/USD,1,1200000,False,False,0.03000000,False,False,False,False,online,,False
83,IOTX-EUR,IOTX,EUR,4,210000,0.00001,1,IOTX/EUR,0.84,43000,False,False,0.03000000,False,True,False,False,online,,False
84,XLM-USD,XLM,USD,2,9100000,0.000001,1,XLM/USD,1,2300000,False,False,0.03000000,False,False,False,False,online,,False
85,GALA-EUR,GALA,EUR,3,2400000,0.0001,1,GALA-EUR,0.84,610000,False,False,0.03000000,False,False,False,False,online,,False
86,NMR-BTC,NMR,BTC,0.023,7400,1E-7,0.001,NMR/BTC,0.000016,10,False,False,0.03000000,False,False,False,False,online,,False
87,CRO-USDT,CRO,USDT,2.3,870000,0.0001,0.1,CRO/USDT,1,390000,False,False,0.03000000,False,False,False,False,online,,False
88,ENS-EUR,ENS,EUR,0.019,8100,0.01,0.001,ENS/EUR,0.84,170000,False,False,0.03000000,False,False,False,False,online,,False
89,WCFG-USDT,WCFG,USDT,0.57,240000,0.01,0.01,WCFG/USDT,1,200000,False,False,0.03000000,False,False,False,False,online,,False
90,MCO2-USDT,MCO2,USDT,0.1,29000,0.01,0.01,MCO2/USDT,1,200000,False,False,0.03000000,False,False,False,False,online,,False
91,MANA-USDC,MANA,USDC,1,340000,0.000001,1,MANA/USDC,1,950000,False,False,0.03000000,False,False,False,False,online,,False
92,AVAX-USDT,AVAX,USDT,0.011,20000,0.01,0.001,AVAX/USDT,1,1700000,False,False,0.03000000,False,False,False,False,online,,False
93,LOOM-USD,LOOM,USD,0.7,2300000,0.0001,0.1,LOOM/USD,1,200000,False,False,0.03000000,False,False,False,False,online,,False
94,WCFG-EUR,WCFG,EUR,0.55,240000,0.0001,0.01,WCFG/EUR,0.84,170000,False,False,0.03000000,False,False,False,False,online,,False
95,ATOM-BTC,ATOM,BTC,0.1,27000,1E-7,0.1,ATOM/BTC,0.000016,26,False,False,0.03000000,False,False,False,False,online,,False
96,ORN-USDT,ORN,USDT,0.12,42000,0.001,0.01,ORN/USDT,1,200000,False,False,0.03000000,False,False,False,False,online,,False
97,PERP-USDT,PERP,USDT,0.06,23000,0.01,0.001,PERP/USDT,1,200000,False,False,0.03000000,False,False,False,False,online,,False
98,SUSHI-EUR,SUSHI,EUR,0.08,75000,0.001,0.01,SUSHI/EUR,0.84,420000,False,False,0.03000000,False,False,False,False,online,,False
99,ATOM-GBP,ATOM,GBP,0.03,6000,0.01,0.001,ATOM/GBP,0.72,180000,False,False,0.03000000,False,False,False,False,online,,False
100,ALGO-GBP,ALGO,GBP,1,540000,0.0001,1,ALGO/GBP,0.72,520000,False,False,0.03000000,False,False,False,False,online,,False
101,IDEX-USD,IDEX,USD,1,1200000,0.0001,0.1,IDEX/USD,1,230000,False,False,0.03000000,False,False,False,False,online,,False
102,SNX-BTC,SNX,BTC,0.1,55000,1E-7,0.01,SNX/BTC,0.000016,10,False,False,0.03000000,False,False,False,False,online,,False
103,ORN-BTC,ORN,BTC,0.12,42000,1E-7,0.01,ORN/BTC,0.000016,10,False,False,0.03000000,False,False,False,False,online,,False
104,DOT-USDT,DOT,USDT,0.021,29000,0.01,0.001,DOT/USDT,1,730000,False,False,0.03000000,False,False,False,False,online,,False
105,BAT-ETH,BAT,ETH,1,480000,1E-7,1,BAT/ETH,0.00022,150,False,False,0.03000000,False,False,False,False,online,,False
106,MANA-BTC,MANA,BTC,0.31,360000,1E-7,0.01,MANA/BTC,0.000016,25,False,False,0.03000000,False,False,False,False,online,,False
107,GRT-BTC,GRT,BTC,0.96,680000,1E-8,0.01,GRT/BTC,0.000016,10,False,False,0.03000000,False,False,False,False,online,,False
108,MANA-USD,MANA,USD,0.32,1100000,0.001,0.01,MANA/USD,1,2900000,False,False,0.03000000,False,False,False,False,online,,False
109,POWR-USD,POWR,USD,0.6,520000,0.0001,0.1,POWR/USD,1,310000,False,False,0.03000000,False,False,False,False,online,,False
110,YFI-USD,YFI,USD,0.000029,60,0.01,0.000001,YFI/USD,1,2000000,False,False,0.03000000,False,False,False,False,online,,False
111,FIDA-USD,FIDA,USD,0.1,36000,0.01,0.01,FIDA/USD,1,100000,False,False,0.03000000,False,False,False,False,online,,False
112,CHZ-EUR,CHZ,EUR,2,770000,0.0001,0.1,CHZ/EUR,0.84,170000,False,False,0.03000000,False,False,False,False,online,,False
113,OMG-EUR,OMG,EUR,0.1,83000,0.01,0.1,OMG/EUR,0.84,430000,False,False,0.03000000,False,False,False,False,online,,False
114,SKL-GBP,SKL,GBP,2.7,1300000,0.0001,0.1,SKL/GBP,0.72,150000,False,False,0.03000000,False,False,False,False,online,,False
115,SHIB-GBP,SHIB,GBP,18000,15000000000,1E-7,1,SHIB/GBP,0.72,310000,False,False,0.03000000,False,False,False,False,online,,False
116,BAND-GBP,BAND,GBP,0.11,39000,0.001,0.01,BAND/GBP,0.72,150000,False,False,0.03000000,False,False,False,False,online,,False
117,XTZ-GBP,XTZ,GBP,0.16,130000,0.001,0.01,XTZ/GBP,0.72,380000,False,False,0.03000000,False,False,False,False,online,,False
118,ADA-USDT,ADA,USDT,0.1,240000,0.001,0.01,ADA/USDT,1,100000,False,False,0.03000000,False,False,False,False,online,,False
119,LPT-USD,LPT,USD,0.02,15000,0.01,0.001,LPT/USD,1,500000,False,False,0.03000000,False,False,False,False,online,,False
120,SHPING-USD,SHPING,USD,10,130000000,0.000001,1,SHPING/USD,1,100000,False,False,0.03000000,False,False,False,False,online,,False
121,PAX-USDT,PAX,USDT,1,470000,0.0001,0.01,PAX/USDT,1,470000,False,True,0.01000000,False,False,False,False,online,,False
122,BADGER-USD,BADGER,USD,0.032,15000,0.01,0.001,BADGER/USD,1,200000,False,False,0.03000000,False,False,False,False,online,,False
123,ZRX-EUR,ZRX,EUR,0.79,640000,0.0001,0.00001,ZRX/EUR,0.84,400000,False,False,0.03000000,False,False,False,False,online,,False
124,REQ-EUR,REQ,EUR,4,650000,0.00001,1,REQ/EUR,0.84,170000,False,False,0.03000000,False,False,False,False,online,,False
125,LTC-BTC,LTC,BTC,0.0043,13000,0.000001,0.00000001,LTC/BTC,0.000016,42,False,False,0.03000000,False,False,False,False,online,,False
126,DOGE-USDT,DOGE,USDT,3.8,3200000,0.0001,0.1,DOGE/USDT,1,540000,False,False,0.03000000,False,False,False,False,online,,False
127,REP-USD,REP,USD,0.04,13000,0.01,0.000001,REP/USD,1,200000,False,False,0.03000000,False,False,False,False,online,,False
128,ETC-BTC,ETC,BTC,0.018,13000,0.000001,0.00000001,ETC/BTC,0.000016,10,False,False,0.03000000,False,False,False,False,online,"Our ETC order books are now in full-trading mode. Limit, market and stop orders are all now available.",False
129,LCX-EUR,LCX,EUR,2.7,1600000,0.0001,0.1,LCX/EUR,0.84,170000,False,False,0.03000000,False,False,False,False,online,,False
130,DASH-USD,DASH,USD,0.004,8600,0.01,0.001,DASH/USD,1,1200000,False,False,0.03000000,False,False,False,False,online,,False
131,DOGE-BTC,DOGE,BTC,3.8,5700000,1E-8,0.1,DOGE/BTC,0.000016,24,False,False,0.03000000,False,False,False,False,online,,False
132,ZEC-BTC,ZEC,BTC,0.0056,3600,0.000001,0.0001,ZEC/BTC,0.000016,12,False,False,0.03000000,False,False,False,False,online,,False
133,REN-BTC,REN,BTC,1,590000,1E-8,1,REN/BTC,0.000016,10,False,False,0.03000000,False,False,False,False,online,,False
134,LINK-USD,LINK,USD,0.03,280000,0.01,0.01,LINK/USD,1,6500000,False,False,0.03000000,False,False,False,False,online,,False
135,AIOZ-USDT,AIOZ,USDT,1,1700000,0.0001,0.1,AIOZ/USDT,1,250000,False,False,0.03000000,False,True,False,False,online,,False
136,FIDA-EUR,FIDA,EUR,0.1,36000,0.01,0.01,FIDA/EUR,1,100000,False,False,0.03000000,False,False,False,False,online,,False
137,MATIC-EUR,MATIC,EUR,0.5,680000,0.0001,0.1,MATIC/EUR,0.84,1300000,False,False,0.03000000,False,False,False,False,online,,False
138,GFI-USD,GFI,USD,0.1,72000,0.01,0.01,GFI/USD,1,100000,False,False,0.03000000,False,False,False,False,online,,False
139,BNT-EUR,BNT,EUR,0.22,65000,0.001,0.000001,BNT/EUR,0.84,170000,False,False,0.03000000,False,False,False,False,online,,False
140,TRAC-USD,TRAC,USD,0.5,210000,0.0001,0.1,TRAC/USD,1,200000,False,False,0.03000000,False,False,False,False,online,,False
141,LTC-GBP,LTC,GBP,0.0042,5800,0.01,0.00000001,LTC/GBP,0.72,600000,False,False,0.03000000,False,False,False,False,online,,False
142,AAVE-GBP,AAVE,GBP,0.003,1500,0.01,0.001,AAVE/GBP,0.72,240000,False,False,0.03000000,False,False,False,False,online,,False
143,CTX-EUR,CTX,EUR,0.01,8900,0.01,0.001,CTX/EUR,1,100000,False,False,0.03000000,False,True,False,False,online,,False
144,AAVE-BTC,AAVE,BTC,0.003,2500,0.000001,0.001,AAVE/BTC,0.000016,13,False,False,0.03000000,False,False,False,False,online,,False
145,CLV-GBP,CLV,GBP,0.77,340000,0.0001,0.01,CLV/GBP,0.72,150000,False,False,0.03000000,False,False,False,False,online,,False
146,CVC-USDC,CVC,USDC,2,820000,0.000001,1,CVC/USDC,1,260000,False,False,0.03000000,False,False,False,False,online,,False
147,1INCH-USD,1INCH,USD,0.23,320000,0.001,0.01,1INCH/USD,1,710000,False,False,0.03000000,False,False,False,False,online,,False
148,POLY-USDT,POLY,USDT,1,430000,0.0001,1,POLY/USDT,1,200000,False,False,0.03000000,False,False,False,False,online,,False
149,ATOM-USDT,ATOM,USDT,0.01,8700,0.01,0.001,ATOM/USDT,1,100000,False,False,0.03000000,False,False,False,False,online,,False
150,SHPING-EUR,SHPING,EUR,10,130000000,0.000001,1,SHPING/EUR,1,100000,False,False,0.03000000,False,False,False,False,online,,False
151,ADA-GBP,ADA,GBP,0.49,640000,0.0001,0.01,ADA/GBP,0.72,650000,False,False,0.03000000,False,False,False,False,online,,False
152,ICP-USD,ICP,USD,0.021,65000,0.01,0.0001,ICP/USD,1,1900000,False,False,0.03000000,False,False,False,False,online,,False
153,DOT-USD,DOT,USD,0.021,140000,0.01,0.001,DOT/USD,1,3600000,False,False,0.03000000,False,False,False,False,online,,False
154,BAND-USD,BAND,USD,0.11,82000,0.001,0.01,BAND/USD,1,430000,False,False,0.03000000,False,False,False,False,online,,False
155,LINK-BTC,LINK,BTC,0.03,59000,1E-8,0.01,LINK/BTC,0.000016,33,False,False,0.03000000,False,False,False,False,online,,False
156,CTSI-USD,CTSI,USD,1,950000,0.0001,0.1,CTSI/USD,1,590000,False,False,0.03000000,False,False,False,False,online,,False
157,ETC-USD,ETC,USD,0.018,44000,0.01,0.00000001,ETC/USD,1,1400000,False,False,0.03000000,False,False,False,False,online,"Our ETC order books are now in full-trading mode. Limit, market and stop orders are all now available.",False
158,ETH-GBP,ETH,GBP,0.00021,1400,0.01,0.00000001,ETH/GBP,0.72,3200000,False,False,0.03000000,False,False,False,False,online,,False
159,FIL-BTC,FIL,BTC,0.016,21000,1E-8,0.001,FIL/BTC,0.000016,15,False,False,0.03000000,False,False,False,False,online,,False
160,OMG-USD,OMG,USD,0.1,240000,0.01,0.1,OMG/USD,1,1400000,False,False,0.03000000,False,False,False,False,online,,False
161,USDT-USD,USDT,USD,0.99,9000000,0.0001,0.01,USDT/USD,1,9000000,False,True,0.01000000,False,False,False,False,online,,False
162,SUPER-USD,SUPER,USD,0.1,310000,0.01,0.01,SUPER/USD,1,310000,False,False,0.03000000,False,False,False,False,online,,False
163,TRAC-EUR,TRAC,EUR,0.4,200000,0.0001,0.1,TRAC/EUR,0.84,170000,False,False,0.03000000,False,False,False,False,online,,False
164,NCT-EUR,NCT,EUR,10,21000000,0.00001,1,NCT/EUR,1,100000,False,False,0.03000000,False,False,False,False,online,,False
165,ASM-USDT,ASM,USDT,6,2700000,0.00001,1,ASM/USDT,1,200000,False,False,0.03000000,False,False,False,False,online,,False
166,BCH-GBP,BCH,GBP,0.0015,1500,0.01,0.00000001,BCH/GBP,0.72,400000,False,False,0.03000000,False,False,False,False,online,,False
167,AUCTION-EUR,AUCTION,EUR,0.026,10000,0.01,0.001,AUCTION/EUR,0.84,170000,False,False,0.03000000,False,False,False,False,online,,False
168,COMP-USD,COMP,USD,0.002,6200,0.01,0.001,COMP/USD,1,1100000,False,False,0.03000000,False,False,False,False,online,,False
169,ACH-USD,ACH,USD,11,20000000,0.000001,0.1,ACH/USD,1,1100000,False,False,0.03000000,False,False,False,False,online,,False
170,CLV-EUR,CLV,EUR,0.76,330000,0.01,0.01,CLV/EUR,0.84,170000,False,False,0.03000000,False,False,False,False,online,,False
171,BICO-EUR,BICO,EUR,0.1,57000,0.01,0.01,BICO/EUR,1,170000,False,False,0.03000000,False,False,False,False,online,,False
172,BCH-EUR,BCH,EUR,0.0015,2200,0.01,0.00000001,BCH/EUR,0.84,720000,False,False,0.03000000,False,False,False,False,online,,False
173,CRV-USD,CRV,USD,0.23,420000,0.001,0.01,CRV/USD,1,1900000,False,False,0.03000000,False,False,False,False,online,,False
174,RAD-USDT,RAD,USDT,0.08,32000,0.01,0.01,RAD/USDT,1,240000,False,False,0.03000000,False,False,False,False,online,,False
175,LRC-USDT,LRC,USDT,0.1,320000,0.0001,0.01,LRC/USDT,1,250000,False,False,0.03000000,False,False,False,False,online,,False
176,SKL-BTC,SKL,BTC,2.7,1300000,1E-8,0.1,SKL/BTC,0.000016,10,False,False,0.03000000,False,False,False,False,online,,False
177,OXT-USD,OXT,USD,1,2000000,0.0001,1,OXT/USD,1,610000,False,False,0.03000000,False,False,False,False,online,,False
178,SUSHI-GBP,SUSHI,GBP,0.08,51000,0.01,0.01,SUSHI/GBP,0.72,240000,False,False,0.03000000,False,False,False,False,online,,False
179,SPELL-USD,SPELL,USD,10,79000000,0.00001,1,SPELL/USD,1,1100000,False,False,0.03000000,False,False,False,False,online,,False
180,SKL-USD,SKL,USD,2.7,1600000,0.0001,0.1,SKL/USD,1,240000,False,False,0.03000000,False,False,False,False,online,,False
181,ERN-USD,ERN,USD,0.01,19000,0.01,0.001,ERN/USD,1,100000,False,False,0.03000000,False,False,False,False,online,,False
182,CRV-BTC,CRV,BTC,0.23,120000,1E-7,0.01,CRV/BTC,0.000016,13,False,False,0.03000000,False,False,False,False,online,,False
183,TRAC-USDT,TRAC,USDT,0.5,210000,0.0001,0.1,TRAC/USDT,1,200000,False,False,0.03000000,False,False,False,False,online,,False
184,RAI-USD,RAI,USD,0.32,51000,0.01,0.01,RAI/USD,1,160000,False,False,0.03000000,False,True,False,False,online,,False
185,ANKR-USD,ANKR,USD,7,10000000,0.00001,1,ANKR/USD,1,880000,False,False,0.03000000,False,False,False,False,online,,False
186,QNT-USDT,QNT,USDT,0.001,2300,0.01,0.0001,QNT/USDT,1,250000,False,False,0.03000000,False,False,False,False,online,,False
187,UMA-USD,UMA,USD,0.064,83000,0.001,0.001,UMA/USD,1,670000,False,False,0.03000000,False,False,False,False,online,,False
188,BAND-EUR,BAND,EUR,0.11,38000,0.01,0.01,BAND/EUR,0.84,170000,False,False,0.03000000,False,False,False,False,online,,False
189,KNC-USD,KNC,USD,0.5,190000,0.0001,0.1,KNC/USD,1,280000,False,False,0.03000000,False,False,False,False,online,,False
190,COTI-USD,COTI,USD,1.9,1800000,0.0001,0.1,COTI/USD,1,620000,False,False,0.03000000,False,False,False,False,online,,False
191,UNI-BTC,UNI,BTC,0.1,50000,1E-7,0.1,UNI/BTC,0.000016,19,False,False,0.03000000,False,False,False,False,online,,False
192,DIA-USD,DIA,USD,0.1,220000,0.01,0.01,DIA/USD,1,100000,False,False,0.03000000,False,False,False,False,online,,False
193,ADA-USDC,ADA,USDC,0.5,580000,0.001,0.01,ADA/USDC,1,800000,False,False,0.03000000,False,False,False,False,online,,False
194,FORTH-GBP,FORTH,GBP,0.062,28000,0.001,0.001,FORTH/GBP,0.72,150000,False,False,0.03000000,False,False,False,False,online,,False
195,OGN-USD,OGN,USD,0.93,550000,0.001,0.01,OGN/USD,1,270000,False,False,0.03000000,False,False,False,False,online,,False
196,FARM-USDT,FARM,USDT,0.002,150,0.01,0.001,FARM/USDT,1,50000,False,False,0.03000000,False,True,False,False,online,,False
197,MANA-ETH,MANA,ETH,0.31,230000,1E-7,0.01,MANA/ETH,0.00022,210,False,False,0.03000000,False,False,False,False,online,,False
198,OGN-BTC,OGN,BTC,0.92,420000,1E-7,0.01,OGN/BTC,0.000016,10,False,False,0.03000000,False,False,False,False,online,,False
199,ALGO-USD,ALGO,USD,1,2200000,0.0001,0.1,ALGO/USD,1,2900000,False,False,0.03000000,False,False,False,False,online,,False
200,UPI-USDT,UPI,USDT,10,8200000,0.00001,1,UPI/USDT,1,100000,False,False,0.03000000,False,False,False,False,online,,False
201,BTRST-EUR,BTRST,EUR,0.16,74000,0.01,0.01,BTRST/EUR,0.84,170000,False,False,0.03000000,False,False,False,False,online,,False
202,BTC-UST,BTC,UST,0.000016,0.81,0.01,0.0000001,BTC/UST,1,50000,False,False,0.03000000,False,True,False,False,online,,False
203,MATIC-USDT,MATIC,USDT,0.1,160000,0.001,0.01,MATIC/USDT,1,100000,False,False,0.03000000,False,False,False,False,online,,False
204,DOT-GBP,DOT,GBP,0.02,22000,0.01,0.001,DOT/GBP,0.72,400000,False,False,0.03000000,False,False,False,False,online,,False
205,SKL-EUR,SKL,EUR,2.7,1300000,0.0001,0.1,SKL/EUR,0.84,170000,False,False,0.03000000,False,False,False,False,online,,False
206,NCT-USD,NCT,USD,10,21000000,0.00001,1,NCT/USD,1,100000,False,False,0.03000000,False,False,False,False,online,,False
207,REQ-USDT,REQ,USDT,4,720000,0.0001,1,REQ/USDT,1,220000,False,False,0.03000000,False,False,False,False,online,,False
208,BLZ-USD,BLZ,USD,1,1200000,0.0001,0.1,BLZ/USD,1,200000,False,False,0.03000000,False,False,False,False,online,,False
209,NKN-BTC,NKN,BTC,1.7,720000,1E-8,0.1,NKN/BTC,0.000016,10,False,False,0.03000000,False,False,False,False,online,,False
210,RAD-EUR,RAD,EUR,0.07,26000,0.001,0.01,RAD/EUR,0.84,170000,False,False,0.03000000,False,False,False,False,online,,False
211,ADA-USD,ADA,USD,0.5,3600000,0.0001,0.01,ADA/USD,1,5000000,False,False,0.03000000,False,False,False,False,online,,False
212,BNT-GBP,BNT,GBP,0.22,66000,0.01,0.000001,BNT/GBP,0.72,150000,False,False,0.03000000,False,False,False,False,online,,False
213,CRO-EUR,CRO,EUR,2.1,650000,0.0001,0.1,CRO/EUR,0.84,260000,False,False,0.03000000,False,False,False,False,online,,False
214,CHZ-USDT,CHZ,USDT,2,820000,0.0001,0.1,CHZ/USDT,1,210000,False,False,0.03000000,False,False,False,False,online,,False
215,PERP-USD,PERP,USD,0.06,29000,0.01,0.001,PERP/USD,1,250000,False,False,0.03000000,False,False,False,False,online,,False
216,BAT-EUR,BAT,EUR,0.9,340000,0.001,0.01,BAT/EUR,0.84,300000,False,False,0.03000000,False,False,False,False,online,,False
217,IMX-USDT,IMX,USDT,0.1,49000,0.01,0.01,IMX/USDT,1,100000,False,False,0.03000000,False,False,False,False,online,,False
218,LQTY-EUR,LQTY,EUR,0.1,28000,0.01,0.01,LQTY/EUR,1,100000,False,False,0.03000000,False,True,False,False,online,,False
219,DIA-EUR,DIA,EUR,0.1,220000,0.01,0.01,DIA/EUR,1,100000,False,False,0.03000000,False,True,False,False,online,,False
220,HIGH-USD,HIGH,USD,0.1,59000,0.001,0.01,HIGH/USD,1,250000,False,False,0.03000000,False,False,False,False,online,,False
221,NMR-GBP,NMR,GBP,0.022,7300,0.01,0.001,NMR/GBP,0.72,150000,False,False,0.03000000,False,False,False,False,online,,False
222,CLV-USDT,CLV,USDT,0.79,350000,0.0001,0.01,CLV/USDT,1,200000,False,False,0.03000000,False,False,False,False,online,,False
223,JASMY-USD,JASMY,USD,5,11000000,0.00001,1,JASMY/USD,1,730000,False,False,0.03000000,False,False,False,False,online,,False
224,BTC-USDC,BTC,USDC,0.000016,110,0.1,0.00000001,BTC/USDC,1,4500000,False,False,0.03000000,False,False,False,False,online,,False
225,BTRST-GBP,BTRST,GBP,0.16,75000,0.001,0.01,BTRST/GBP,0.72,150000,False,False,0.03000000,False,False,False,False,online,,False
226,ETH-USDT,ETH,USDT,0.00022,660,0.01,0.00000001,ETH/USDT,1,2100000,False,False,0.03000000,False,False,False,False,online,,False
227,SOL-USDT,SOL,USDT,0.004,14000,0.01,0.001,SOL/USDT,1,1900000,False,False,0.03000000,False,False,False,False,online,,False
228,BTC-GBP,BTC,GBP,0.000015,150,0.01,0.00000001,BTC/GBP,0.72,4400000,False,False,0.03000000,False,False,False,False,online,,False
229,SOL-USD,SOL,USD,0.004,53000,0.01,0.001,SOL/USD,1,7300000,False,False,0.03000000,False,False,False,False,online,,False
230,ETH-USD,ETH,USD,0.00022,12000,0.01,0.00000001,ETH/USD,1,20000000,False,False,0.02000000,False,False,False,False,online,,False
231,XTZ-USD,XTZ,USD,0.16,960000,0.01,0.01,XTZ/USD,1,3900000,False,False,0.03000000,False,False,False,False,online,,False
232,ZEN-USDT,ZEN,USDT,0.01,1500,0.01,0.001,ZEN/USDT,1,140000,False,False,0.03000000,False,False,False,False,online,,False
233,AUCTION-USD,AUCTION,USD,0.027,15000,0.01,0.001,AUCTION/USD,1,280000,False,False,0.03000000,False,False,False,False,online,,False
234,FET-USDT,FET,USDT,1.1,430000,0.0001,0.1,FET/USDT,1,200000,False,False,0.03000000,False,False,False,False,online,,False
235,TRB-BTC,TRB,BTC,0.016,7200,1E-7,0.001,TRB/BTC,0.000016,10,False,False,0.03000000,False,False,False,False,online,,False
236,RGT-USD,RGT,USD,0.025,7100,0.01,0.001,RGT/USD,1,200000,False,False,0.03000000,False,False,False,False,online,,False
237,DNT-USDC,DNT,USDC,5,2100000,0.000001,1,DNT/USDC,1,220000,False,False,0.03000000,False,False,False,False,online,,False
238,SNX-EUR,SNX,EUR,0.098,39000,0.001,0.001,SNX/EUR,0.84,170000,False,False,0.03000000,False,False,False,False,online,,False
239,YFII-USD,YFII,USD,0.00025,27,0.01,0.00000001,YFII/USD,1,110000,False,False,0.03000000,False,True,False,False,online,,False
240,PRO-USD,PRO,USD,0.1,89000,0.01,0.01,PRO/USD,1,100000,False,False,0.03000000,False,False,False,False,online,,False
241,REQ-USD,REQ,USD,4,1500000,0.0001,1,REQ/USD,1,440000,False,False,0.03000000,False,False,False,False,online,,False
242,SHPING-USDT,SHPING,USDT,10,130000000,0.000001,1,SHPING/USDT,1,100000,False,False,0.03000000,False,False,False,False,online,,False
243,ANKR-EUR,ANKR,EUR,7,4200000,0.00001,1,ANKR/EUR,0.84,320000,False,False,0.03000000,False,False,False,False,online,,False
244,1INCH-GBP,1INCH,GBP,0.23,90000,0.001,0.01,1INCH/GBP,0.72,150000,False,False,0.03000000,False,False,False,False,online,,False
245,MUSD-USD,MUSD,USD,0.99,330000,0.0001,0.01,MUSD/USD,1,330000,False,True,0.01000000,False,True,False,False,online,,False
246,ORN-USD,ORN,USD,0.12,42000,0.001,0.01,ORN/USD,1,200000,False,False,0.03000000,False,False,False,False,online,,False
247,VGX-EUR,VGX,EUR,0.24,83000,0.01,0.01,VGX/EUR,0.84,170000,False,False,0.03000000,False,False,False,False,online,,False
248,UNI-EUR,UNI,EUR,0.04,16000,0.01,0.001,UNI/EUR,0.84,220000,False,False,0.03000000,False,False,False,False,online,,False
249,AVT-USD,AVT,USD,0.1,87000,0.01,0.01,AVT/USD,1,100000,False,False,0.03000000,False,False,False,False,online,,False
250,NU-EUR,NU,EUR,1,320000,0.0001,0.000001,NU/EUR,0.84,170000,False,False,0.03000000,False,False,False,False,online,,False
251,SUSHI-USD,SUSHI,USD,0.09,340000,0.01,0.01,SUSHI/USD,1,2200000,False,False,0.03000000,False,False,False,False,online,,False
252,SNX-GBP,SNX,GBP,0.099,40000,0.001,0.001,SNX/GBP,0.72,150000,False,False,0.03000000,False,False,False,False,online,,False
253,MKR-BTC,MKR,BTC,0.00033,99,0.00001,0.000001,MKR/BTC,0.00001,10,False,False,0.03000000,False,False,False,False,online,,False
254,NKN-EUR,NKN,EUR,1.6,700000,0.0001,0.1,NKN/EUR,0.84,170000,False,False,0.03000000,False,False,False,False,online,,False
255,DOGE-USD,DOGE,USD,3.8,16000000,0.0001,0.1,DOGE/USD,1,2600000,False,False,0.03000000,False,False,False,False,online,,False
256,MLN-USD,MLN,USD,0.007,5600,0.01,0.001,MLN/USD,1,410000,False,False,0.03000000,False,False,False,False,online,,False
257,MASK-USDT,MASK,USDT,0.07,24000,0.01,0.01,MASK/USDT,1,200000,False,False,0.03000000,False,False,False,False,online,,False
258,USDT-USDC,USDT,USDC,0.99,4500000,0.0001,0.01,USDT/USDC,1,4500000,False,True,0.01000000,False,False,False,False,online,,False
259,KRL-USDT,KRL,USDT,0.3,190000,0.0001,0.1,KRL/USDT,1,200000,False,False,0.03000000,False,False,False,False,online,,False
260,WBTC-USD,WBTC,USD,0.000016,3,0.01,0.00000001,WBTC/USD,1,190000,False,False,0.03000000,False,True,False,False,online,,False
261,RLY-EUR,RLY,EUR,1,640000,0.0001,1,RLY/EUR,0.84,170000,False,False,0.03000000,False,False,False,False,online,,False
262,MATIC-BTC,MATIC,BTC,0.5,720000,1E-8,0.1,MATIC/BTC,0.000016,38,False,False,0.03000000,False,False,False,False,online,,False
263,GTC-USD,GTC,USD,0.11,36000,0.01,0.01,GTC/USD,1,390000,False,False,0.03000000,False,False,False,False,online,,False
264,ANKR-GBP,ANKR,GBP,7,2500000,0.00001,1,ANKR/GBP,0.72,160000,False,False,0.03000000,False,False,False,False,online,,False
265,STX-USD,STX,USD,0.1,120000,0.01,0.01,STX/USD,1,100000,False,False,0.03000000,False,False,False,False,online,,False
266,ARPA-EUR,ARPA,EUR,5.2,2400000,0.00001,0.1,ARPA/EUR,0.84,170000,False,False,0.03000000,False,False,False,False,online,,False
267,CTSI-BTC,CTSI,BTC,1,460000,1E-7,0.1,CTSI/BTC,0.000016,10,False,False,0.03000000,False,False,False,False,online,,False
268,LCX-USD,LCX,USD,2.8,2000000,0.0001,0.1,LCX/USD,1,260000,False,False,0.03000000,False,False,False,False,online,,False
269,UNI-GBP,UNI,GBP,0.04,13000,0.01,0.001,UNI/GBP,0.72,150000,False,False,0.03000000,False,False,False,False,online,,False
270,COVAL-USD,COVAL,USD,10,18000000,0.00001,1,COVAL/USD,1,100000,False,False,0.03000000,False,False,False,False,online,,False
271,BICO-USDT,BICO,USDT,0.1,59000,0.001,0.01,BICO/USDT,1,200000,False,False,0.03000000,False,False,False,False,online,,False
272,ALGO-EUR,ALGO,EUR,1,610000,0.0001,1,ALGO/EUR,0.84,700000,False,False,0.03000000,False,False,False,False,online,,False
273,GRT-EUR,GRT,EUR,0.94,810000,0.0001,0.01,GRT/EUR,0.84,390000,False,False,0.03000000,False,False,False,False,online,,False
274,RNDR-USD,RNDR,USD,0.1,110000,0.01,0.01,RNDR/USD,1,100000,False,False,0.03000000,False,False,False,False,online,,False
275,EOS-USD,EOS,USD,0.2,1200000,0.01,0.1,EOS/USD,1,3300000,False,False,0.03000000,False,False,False,False,online,,False
276,EOS-EUR,EOS,EUR,0.2,290000,0.001,0.1,EOS/EUR,0.84,700000,False,False,0.03000000,False,False,False,False,online,,False
277,LRC-USD,LRC,USD,0.45,1600000,0.0001,0.000001,LRC/USD,1,2000000,False,False,0.03000000,False,False,False,False,online,,False
278,DOGE-GBP,DOGE,GBP,3.8,3800000,0.0001,0.1,DOGE/GBP,0.72,470000,False,False,0.03000000,False,False,False,False,online,,False
279,XYO-BTC,XYO,BTC,17,7400000,1E-8,0.1,XYO/BTC,0.000016,10,False,False,0.03000000,False,False,False,False,online,,False
280,ENS-USDT,ENS,USDT,0.021,8400,0.01,0.001,ENS/USDT,1,200000,False,False,0.03000000,False,False,False,False,online,,False
281,UST-USD,UST,USD,0.99,3800000,0.001,0.01,UST/USD,1,3800000,False,True,0.01000000,False,False,False,False,online,,False
282,RLC-USD,RLC,USD,0.22,140000,0.01,0.01,RLC/USD,1,360000,False,False,0.03000000,False,False,False,False,online,,False
283,ZRX-USD,ZRX,USD,0.82,1200000,0.000001,0.00001,ZRX/USD,1,850000,False,False,0.03000000,False,False,False,False,online,,False
284,APE-USDT,APE,USDT,0.05,63000,0.001,0.01,APE/USDT,1,250000,False,False,0.03000000,False,True,False,False,online,,False
285,GALA-USD,GALA,USD,3,6000000,0.0001,1,GALA/USD,1,1800000,False,False,0.03000000,False,False,False,False,online,,False
286,BAT-USD,BAT,USD,0.92,1200000,0.001,0.01,BAT/USD,1,1200000,False,False,0.03000000,False,False,False,False,online,,False
287,API3-USD,API3,USD,0.1,61000,0.001,0.01,API3/USD,5,100000,False,False,0.03000000,False,False,False,False,online,,False
288,1INCH-BTC,1INCH,BTC,0.23,91000,1E-7,0.01,1INCH/BTC,0.000016,10,False,False,0.03000000,False,False,False,False,online,,False
289,ALCX-USD,ALCX,USD,0.0024,960,0.01,0.0001,ALCX/USD,1,250000,False,False,0.03000000,False,False,False,False,online,,False
290,ARPA-USD,ARPA,USD,5.3,7200000,0.0001,0.1,ARPA/USD,1,580000,False,False,0.03000000,False,False,False,False,online,,False
291,MIR-BTC,MIR,BTC,0.31,130000,1E-8,0.01,MIR/BTC,0.000016,10,False,False,0.03000000,False,False,False,False,online,,False
292,ALICE-USD,ALICE,USD,0.01,33000,0.001,0.001,ALICE/USD,1,250000,False,False,0.03000000,False,False,False,False,online,,False
293,BICO-USD,BICO,USD,0.1,160000,0.001,0.01,BICO/USD,1,520000,False,False,0.03000000,False,False,False,False,online,,False
294,DDX-EUR,DDX,EUR,0.16,59000,0.01,0.01,DDX/EUR,0.84,170000,False,False,0.03000000,False,False,False,False,online,,False
295,COMP-BTC,COMP,BTC,0.002,1500,0.000001,0.001,COMP/BTC,0.000016,10,False,False,0.03000000,False,False,False,False,online,,False
296,CTX-USDT,CTX,USDT,0.01,8900,0.01,0.001,CTX/USDT,5,100000,False,False,0.03000000,False,True,False,False,online,,False
297,ETC-EUR,ETC,EUR,0.017,15000,0.01,0.00000001,ETC/EUR,0.84,400000,False,False,0.03000000,False,False,False,False,online,"Our ETC order books are now in full-trading mode. Limit, market and stop orders are all now available.",False
298,ARPA-USDT,ARPA,USDT,5.3,2600000,0.0001,0.1,ARPA/USDT,1,210000,False,False,0.03000000,False,False,False,False,online,,False
299,AAVE-EUR,AAVE,EUR,0.003,2400,0.01,0.001,AAVE/EUR,0.84,470000,False,False,0.03000000,False,False,False,False,online,,False
300,SPELL-USDT,SPELL,USDT,10,20000000,0.00001,1,SPELL/USDT,1,270000,False,False,0.03000000,False,False,False,False,online,,False
301,GRT-GBP,GRT,GBP,0.94,630000,0.0001,0.01,GRT/GBP,0.72,260000,False,False,0.03000000,False,False,False,False,online,,False
302,QSP-USD,QSP,USD,10,11000000,0.00001,1,QSP/USD,1,100000,False,False,0.03000000,False,False,False,False,online,,False
303,SUKU-EUR,SUKU,EUR,0.9,440000,0.0001,0.1,SUKU/EUR,0.84,170000,False,False,0.03000000,False,False,False,False,online,,False
304,ATOM-EUR,ATOM,EUR,0.029,11000,0.01,0.001,ATOM/EUR,0.84,370000,False,False,0.03000000,False,False,False,False,online,,False
305,WCFG-BTC,WCFG,BTC,0.57,240000,1E-8,0.01,WCFG/BTC,0.000016,10,False,False,0.03000000,False,False,False,False,online,,False
306,KNC-BTC,KNC,BTC,0.5,140000,1E-8,0.1,KNC/BTC,0.000016,10,False,False,0.03000000,False,False,False,False,online,,False
307,CHZ-GBP,CHZ,GBP,2,790000,0.0001,0.1,CHZ/GBP,0.72,150000,False,False,0.03000000,False,False,False,False,online,,False
308,MASK-EUR,MASK,EUR,0.07,23000,0.01,0.01,MASK/EUR,0.84,170000,False,False,0.03000000,False,False,False,False,online,,False
309,POLS-USDT,POLS,USDT,0.1,93000,0.001,0.01,POLS/USDT,1,100000,False,False,0.03000000,False,False,False,False,online,,False
310,SNX-USD,SNX,USD,0.1,140000,0.001,0.001,SNX/USD,1,690000,False,False,0.03000000,False,False,False,False,online,,False
311,DDX-USD,DDX,USD,0.17,61000,0.01,0.01,DDX/USD,1,200000,False,False,0.03000000,False,False,False,False,online,,False
312,ICP-GBP,ICP,GBP,0.02,17000,0.01,0.0001,ICP/GBP,0.72,360000,False,False,0.03000000,False,False,False,False,online,,False
313,BOND-USD,BOND,USD,0.032,15000,0.01,0.001,BOND/USD,1,200000,False,False,0.03000000,False,False,False,False,online,,False
314,USDT-EUR,USDT,EUR,0.97,1800000,0.0001,0.01,USDT/EUR,0.84,1600000,False,True,0.01000000,False,False,False,False,online,,False
315,REQ-GBP,REQ,GBP,4,660000,0.0001,1,REQ/GBP,0.72,150000,False,False,0.03000000,False,False,False,False,online,,False
316,SUKU-USD,SUKU,USD,0.9,560000,0.0001,0.1,SUKU/USD,1,250000,False,False,0.03000000,False,False,False,False,online,,False
317,UMA-BTC,UMA,BTC,0.064,35000,1E-8,0.001,UMA/BTC,0.000016,10,False,False,0.03000000,False,False,False,False,online,,False
318,OMG-BTC,OMG,BTC,0.1,55000,1E-8,0.1,OMG/BTC,0.000016,10,False,False,0.03000000,False,False,False,False,online,,False
319,FOX-USDT,FOX,USDT,1,460000,0.0001,0.1,FOX/USDT,1,100000,False,False,0.03000000,False,True,False,False,online,,False
320,MKR-USD,MKR,USD,0.00033,420,0.01,0.000001,MKR/USD,1,870000,False,False,0.03000000,False,False,False,False,online,,False
321,KRL-EUR,KRL,EUR,0.3,180000,0.0001,0.1,KRL/EUR,0.84,170000,False,False,0.03000000,False,False,False,False,online,,False
322,MPL-USD,MPL,USD,0.01,12000,0.01,0.001,MPL/USD,1,100000,False,False,0.03000000,False,False,False,False,online,,False
323,WLUNA-EUR,WLUNA,EUR,0.02,3100,0.01,0.001,WLUNA/EUR,0.84,220000,False,False,0.03000000,False,False,False,False,online,,False
324,SOL-BTC,SOL,BTC,0.004,17000,0.000001,0.001,SOL/BTC,0.000016,55,False,False,0.03000000,False,False,False,False,online,,False
325,MANA-EUR,MANA,EUR,0.31,340000,0.001,0.01,MANA/EUR,0.84,850000,False,False,0.03000000,False,False,False,False,online,,False
326,BADGER-USDT,BADGER,USDT,0.032,15000,0.01,0.001,BADGER/USDT,1,200000,False,False,0.03000000,False,False,False,False,online,,False
327,UMA-EUR,UMA,EUR,0.062,27000,0.001,0.001,UMA/EUR,0.84,190000,False,False,0.03000000,False,False,False,False,online,,False
328,DESO-USDT,DESO,USDT,0.01,2800,0.01,0.001,DESO/USDT,1,100000,False,False,0.03000000,False,True,False,False,online,,False
329,RNDR-USDT,RNDR,USDT,0.1,110000,0.01,0.01,RNDR/USDT,1,100000,False,False,0.03000000,False,False,False,False,online,,False
330,DDX-USDT,DDX,USDT,0.17,61000,0.001,0.01,DDX/USDT,1,200000,False,False,0.03000000,False,False,False,False,online,,False
331,AAVE-USD,AAVE,USD,0.003,8900,0.01,0.001,AAVE/USD,1,2000000,False,False,0.03000000,False,False,False,False,online,,False
332,LINK-USDT,LINK,USDT,0.01,15000,0.01,0.001,LINK/USDT,1,100000,False,False,0.03000000,False,True,False,False,online,,False
333,RAD-USD,RAD,USD,0.08,47000,0.01,0.01,RAD/USD,1,350000,False,False,0.03000000,False,False,False,False,online,,False
334,XYO-EUR,XYO,EUR,17,7100000,0.000001,0.1,XYO/EUR,0.84,170000,False,False,0.03000000,False,False,False,False,online,,False
335,LINK-EUR,LINK,EUR,0.03,76000,0.01,0.01,LINK/EUR,0.84,1600000,False,False,0.03000000,False,False,False,False,online,,False
336,CGLD-USD,CGLD,USD,0.16,260000,0.01,0.01,CGLD/USD,1,1200000,False,False,0.03000000,False,False,False,False,online,,False
337,RAD-BTC,RAD,BTC,0.07,33000,1E-7,0.01,RAD/BTC,0.000016,10,False,False,0.03000000,False,False,False,False,online,,False
338,AUCTION-USDT,AUCTION,USDT,0.027,11000,0.01,0.001,AUCTION/USDT,1,200000,False,False,0.03000000,False,False,False,False,online,,False
339,FET-USD,FET,USD,1.1,760000,0.0001,0.1,FET/USD,1,360000,False,False,0.03000000,False,False,False,False,online,,False
340,BTC-USD,BTC,USD,0.000016,1500,0.01,0.00000001,BTC/USD,1,20000000,False,False,0.02000000,False,False,False,False,online,,False
341,XYO-USD,XYO,USD,17,19000000,0.00001,0.1,XYO/USD,1,510000,False,False,0.03000000,False,False,False,False,online,,False
342,DASH-BTC,DASH,BTC,0.004,1600,0.000001,0.001,DASH/BTC,0.000016,10,False,False,0.03000000,False,False,False,False,online,,False
343,XLM-EUR,XLM,EUR,2,3000000,0.000001,1,XLM/EUR,0.84,650000,False,False,0.03000000,False,False,False,False,online,,False
344,BNT-USD,BNT,USD,0.22,67000,0.01,0.000001,BNT/USD,1,200000,False,False,0.03000000,False,False,False,False,online,,False
345,NCT-USDT,NCT,USDT,10,21000000,0.00001,1,NCT/USDT,1,100000,False,False,0.03000000,False,False,False,False,online,,False
346,STORJ-USD,STORJ,USD,0.57,520000,0.01,0.01,STORJ/USD,1,800000,False,False,0.03000000,False,False,False,False,online,,False
347,TRU-USDT,TRU,USDT,1.7,770000,0.0001,0.1,TRU/USDT,1,200000,False,False,0.03000000,False,False,False,False,online,,False
348,AXS-USD,AXS,USD,0.007,24000,0.01,0.001,AXS/USD,1,1800000,False,False,0.03000000,False,False,False,False,online,,False
349,DNT-USD,DNT,USD,3,1900000,0.0001,0.1,DNT/USD,1,200000,False,False,0.03000000,False,False,False,False,online,,False
350,PAX-USD,PAX,USD,0.99,2100000,0.01,0.01,PAX/USD,1,2100000,False,True,0.01000000,False,False,False,False,online,,False
351,QUICK-USD,QUICK,USD,0.0025,130,0.01,0.0001,QUICK/USD,1,50000,False,False,0.03000000,False,True,False,False,online,,False
352,XLM-USDT,XLM,USDT,1,1300000,0.0001,0.1,XLM/USDT,1,250000,False,False,0.03000000,False,False,False,False,online,,False
353,MIR-GBP,MIR,GBP,0.3,130000,0.001,0.01,MIR/GBP,0.72,150000,False,False,0.03000000,False,False,False,False,online,,False
354,MDT-USDT,MDT,USDT,10,5000000,0.00001,1,MDT/USDT,1,100000,False,False,0.03000000,False,False,False,False,online,,False
355,COVAL-USDT,COVAL,USDT,10,18000000,0.00001,1,COVAL/USDT,1,100000,False,False,0.03000000,False,False,False,False,online,,False
356,ALCX-USDT,ALCX,USDT,0.0025,770,0.01,0.0001,ALCX/USDT,1,200000,False,False,0.03000000,False,False,False,False,online,,False
357,ZEC-USDC,ZEC,USDC,0.0056,2000,0.01,0.00000001,ZEC/USDC,1,270000,False,False,0.03000000,False,False,False,False,online,,False
358,MIR-USD,MIR,USD,0.31,340000,0.001,0.01,MIR/USD,1,550000,False,False,0.03000000,False,False,False,False,online,,False
359,UST-EUR,UST,EUR,0.96,390000,0.001,0.01,UST/EUR,0.84,340000,False,True,0.01000000,False,False,False,False,online,,False
360,ZEC-USD,ZEC,USD,0.0056,13000,0.01,0.00001,ZEC/USD,1,1700000,False,False,0.03000000,False,False,False,False,online,,False
361,XTZ-EUR,XTZ,EUR,0.16,200000,0.01,0.01,XTZ/EUR,0.84,690000,False,False,0.03000000,False,False,False,False,online,,False
362,MCO2-USD,MCO2,USD,0.1,28000,0.01,0.01,MCO2/USD,1,200000,False,False,0.03000000,False,False,False,False,online,,False
363,APE-EUR,APE,EUR,0.05,63000,0.001,0.01,APE/EUR,1,250000,False,False,0.03000000,False,True,False,False,online,,False
364,UNFI-USD,UNFI,USD,0.1,28000,0.01,0.01,UNFI/USD,1,100000,False,False,0.03000000,False,False,False,False,online,,False
365,CTX-USD,CTX,USD,0.01,8900,0.01,0.001,CTX/USD,5,100000,False,False,0.03000000,False,False,False,False,online,,False
366,RARI-USD,RARI,USD,0.048,16000,0.01,0.001,RARI/USD,1,200000,False,False,0.03000000,False,False,False,False,online,,False
367,BAT-USDC,BAT,USDC,1,780000,0.000001,1,BAT/USDC,1,780000,False,False,0.03000000,False,False,False,False,online,,False
368,BNT-BTC,BNT,BTC,1,67000,1E-8,1,BNT/BTC,0.000016,10,False,False,0.03000000,False,False,False,False,online,,False
369,CVC-USD,CVC,USD,1.8,650000,0.0001,0.1,CVC/USD,1,200000,False,False,0.03000000,False,False,False,False,online,,False
370,BAND-BTC,BAND,BTC,0.11,39000,1E-8,0.01,BAND/BTC,0.000016,10,False,False,0.03000000,False,False,False,False,online,,False
371,NU-GBP,NU,GBP,1,330000,0.0001,0.000001,NU/GBP,0.72,150000,False,False,0.03000000,False,False,False,False,online,,False
372,FOX-USD,FOX,USD,1,480000,0.0001,0.1,FOX/USD,1,200000,False,False,0.03000000,False,False,False,False,online,,False
373,MIR-EUR,MIR,EUR,0.3,120000,0.001,0.01,MIR/EUR,0.84,170000,False,False,0.03000000,False,False,False,False,online,,False
374,FX-USD,FX,USD,0.8,280000,0.0001,0.1,FX/USD,1,200000,False,False,0.03000000,False,False,False,False,online,,False
375,ZEN-USD,ZEN,USD,0.01,960,0.01,0.001,ZEN/USD,1,88000,False,False,0.03000000,False,False,False,False,online,,False
376,GALA-USDT,GALA,USDT,3,3600000,0.00001,1,GALA/USDT,1,1100000,False,False,0.03000000,False,False,False,False,online,,False
377,DOT-EUR,DOT,EUR,0.02,35000,0.01,0.001,DOT/EUR,0.84,770000,False,False,0.03000000,False,False,False,False,online,,False
378,LINK-ETH,LINK,ETH,0.03,27000,1E-8,0.01,LINK/ETH,0.00022,200,False,False,0.03000000,False,False,False,False,online,,False
379,SUSHI-BTC,SUSHI,BTC,0.09,70000,1E-7,0.01,SUSHI/BTC,0.000016,11,False,False,0.03000000,False,False,False,False,online,,False
380,BAL-BTC,BAL,BTC,0.04,13000,1E-8,0.01,BAL/BTC,0.000016,10,False,False,0.03000000,False,False,False,False,online,,False
381,NKN-USD,NKN,USD,1.7,1600000,0.0001,0.1,NKN/USD,1,440000,False,False,0.03000000,False,False,False,False,online,,False
382,REQ-BTC,REQ,BTC,4,770000,1E-8,1,REQ/BTC,0.000016,10,False,False,0.03000000,False,False,False,False,online,,False
383,NU-BTC,NU,BTC,1,340000,1E-8,1,NU/BTC,0.000016,10,False,False,0.03000000,False,False,False,False,online,,False
384,KEEP-USD,KEEP,USD,1.3,680000,0.0001,0.1,KEEP/USD,1,420000,False,False,0.03000000,False,False,False,False,online,,False
385,DESO-EUR,DESO,EUR,0.01,2800,0.01,0.001,DESO/EUR,1,100000,False,False,0.03000000,False,True,False,False,online,,False
386,WBTC-BTC,WBTC,BTC,0.000016,45,0.0001,0.00000001,WBTC/BTC,0.0001,45,False,True,0.01000000,False,False,False,False,online,,False
387,LINK-GBP,LINK,GBP,0.03,39000,0.01,0.01,LINK/GBP,0.72,660000,False,False,0.03000000,False,False,False,False,online,,False
388,VGX-USDT,VGX,USDT,0.23,86000,0.001,0.01,VGX/USDT,1,200000,False,False,0.03000000,False,False,False,False,online,,False
389,INV-USD,INV,USD,0.001,440,0.01,0.0001,INV/USD,1,100000,False,False,0.03000000,False,True,False,False,online,,False
390,UMA-GBP,UMA,GBP,0.062,25000,0.01,0.001,UMA/GBP,0.72,150000,False,False,0.03000000,False,False,False,False,online,,False
391,ETH-DAI,ETH,DAI,0.0002,460,0.01,0.0001,ETH/DAI,1,1500000,False,False,0.03000000,False,False,False,False,online,,False
392,SHIB-EUR,SHIB,EUR,18000,21000000000,1E-7,1,SHIB/EUR,0.84,520000,False,False,0.03000000,False,False,False,False,online,,False
393,TRU-BTC,TRU,BTC,1.7,770000,1E-7,0.1,TRU/BTC,0.000016,10,False,False,0.03000000,False,False,False,False,online,,False
394,XYO-USDT,XYO,USDT,17,7400000,0.00001,0.1,XYO/USDT,1,200000,False,False,0.03000000,False,False,False,False,online,,False
395,OMG-GBP,OMG,GBP,0.1,47000,0.001,0.1,OMG/GBP,0.72,210000,False,False,0.03000000,False,False,False,False,online,,False
396,ICP-EUR,ICP,EUR,0.02,25000,0.01,0.0001,ICP/EUR,0.84,620000,False,False,0.03000000,False,False,False,False,online,,False
397,WCFG-USD,WCFG,USD,0.57,240000,0.001,0.01,WCFG/USD,1,200000,False,False,0.03000000,False,False,False,False,online,,False
398,CGLD-EUR,CGLD,EUR,0.16,82000,0.01,0.01,CGLD/EUR,0.84,330000,False,False,0.03000000,False,False,False,False,online,,False
399,QNT-USD,QNT,USD,0.003,6700,0.01,0.001,QNT/USD,1,1100000,False,False,0.03000000,False,False,False,False,online,,False
400,FIL-EUR,FIL,EUR,0.015,16000,0.01,0.001,FIL/EUR,0.84,400000,False,False,0.03000000,False,False,False,False,online,,False
401,ALCX-EUR,ALCX,EUR,0.0024,750,0.01,0.0001,ALCX/EUR,0.84,170000,False,False,0.03000000,False,False,False,False,online,,False
402,RLY-USD,RLY,USD,1,660000,0.0001,1,RLY/USD,1,200000,False,False,0.03000000,False,False,False,False,online,,False
403,GYEN-USD,GYEN,USD,47,3300000,0.000001,1,GYEN/USD,1,68000,False,True,0.01000000,False,True,False,False,online,,False
404,ADA-EUR,ADA,EUR,0.48,880000,0.0001,0.01,ADA/EUR,0.84,1100000,False,False,0.03000000,False,False,False,False,online,,False
405,CRV-GBP,CRV,GBP,0.23,53000,0.01,0.01,CRV/GBP,0.72,180000,False,False,0.03000000,False,False,False,False,online,,False
406,POWR-USDT,POWR,USDT,1.6,82000,0.0001,0.1,POWR/USDT,1,50000,False,False,0.03000000,False,False,False,False,online,,False
407,WLUNA-BTC,WLUNA,BTC,0.021,5700,0.000001,0.001,WLUNA/BTC,0.000016,11,False,False,0.03000000,False,False,False,False,online,,False
408,ETH-EUR,ETH,EUR,0.00021,2000,0.01,0.00000001,ETH/EUR,0.84,5600000,False,False,0.03000000,False,False,False,False,online,,False
409,AVAX-BTC,AVAX,BTC,0.01,18000,1E-8,0.001,AVAX/BTC,0.000016,36,False,False,0.03000000,False,False,False,False,online,,False
410,YFI-BTC,YFI,BTC,0.000029,11,0.0001,0.000001,YFI/BTC,0.00001,10,False,False,0.03000000,False,False,False,False,online,,False
411,MATIC-GBP,MATIC,GBP,0.5,690000,0.0001,0.1,MATIC/GBP,0.72,1100000,False,False,0.03000000,False,False,False,False,online,,False
412,ETH-USDC,ETH,USDC,0.00022,1500,0.1,0.00000001,ETH/USDC,1,4700000,False,False,0.03000000,False,False,False,False,online,,False
413,LOOM-USDC,LOOM,USDC,6,2300000,0.000001,1,LOOM/USDC,1,200000,False,False,0.03000000,False,False,False,False,online,,False
414,BTC-EUR,BTC,EUR,0.000015,220,0.01,0.00000001,BTC/EUR,0.84,7800000,False,False,0.03000000,False,False,False,False,online,,False
415,AXS-BTC,AXS,BTC,0.007,9000,1E-7,0.001,AXS/BTC,0.000016,16,False,False,0.03000000,False,False,False,False,online,,False
416,ZRX-BTC,ZRX,BTC,0.82,290000,1E-8,0.00001,ZRX/BTC,0.000016,10,False,False,0.03000000,False,False,False,False,online,,False
417,AGLD-USDT,AGLD,USDT,0.36,160000,0.01,0.01,AGLD/USDT,1,200000,False,False,0.03000000,False,False,False,False,online,,False
418,ERN-USDT,ERN,USDT,0.01,19000,0.01,0.001,ERN/USDT,1,100000,False,False,0.03000000,False,True,False,False,online,,False
419,SOL-ETH,SOL,ETH,0.0043,4700,0.00001,0.0001,SOL/ETH,0.00022,210,False,False,0.03000000,False,False,False,False,online,,False
420,BTC-USDT,BTC,USDT,0.000016,58,0.01,0.00000001,BTC/USDT,1,2400000,False,False,0.03000000,False,False,False,False,online,,False
421,REP-BTC,REP,BTC,0.04,13000,1E-7,0.000001,REP/BTC,0.000016,10,False,False,0.03000000,False,False,False,False,online,,False
422,MASK-USD,MASK,USD,0.07,53000,0.01,0.01,MASK/USD,1,460000,False,False,0.03000000,False,False,False,False,online,,False
423,VGX-USD,VGX,USD,0.23,120000,0.001,0.01,VGX/USD,1,270000,False,False,0.03000000,False,False,False,False,online,,False
424,API3-USDT,API3,USDT,0.1,61000,0.001,0.01,API3/USDT,5,100000,False,False,0.03000000,False,True,False,False,online,,False
425,STX-USDT,STX,USDT,0.1,120000,0.01,0.01,STX/USDT,1,100000,False,False,0.03000000,False,True,False,False,online,,False
426,ENS-USD,ENS,USD,0.021,24000,0.01,0.001,ENS/USD,1,560000,False,False,0.03000000,False,False,False,False,online,,False
427,CRV-EUR,CRV,EUR,0.23,120000,0.01,0.01,CRV/EUR,0.84,480000,False,False,0.03000000,False,False,False,False,online,,False
428,DOT-BTC,DOT,BTC,0.021,41000,1E-7,0.001,DOT/BTC,0.000016,25,False,False,0.03000000,False,False,False,False,online,,False
429,WCFG-GBP,WCFG,GBP,0.56,240000,0.01,0.01,WCFG/GBP,0.72,150000,False,False,0.03000000,False,False,False,False,online,,False
430,TRU-USD,TRU,USD,1.7,1100000,0.0001,0.1,TRU/USD,1,280000,False,False,0.03000000,False,False,False,False,online,,False
431,IMX-USD,IMX,USD,0.1,130000,0.001,0.01,IMX/USD,1,460000,False,False,0.03000000,False,False,False,False,online,,False
432,MATIC-USD,MATIC,USD,0.5,2100000,0.0001,0.1,MATIC/USD,1,4600000,False,False,0.03000000,False,False,False,False,online,,False
433,ASM-USD,ASM,USD,6,6900000,0.00001,1,ASM/USD,1,520000,False,False,0.03000000,False,False,False,False,online,,False
434,LRC-BTC,LRC,BTC,1,760000,1E-8,1,LRC/BTC,0.000016,22,False,False,0.03000000,False,False,False,False,online,,False
435,USDC-EUR,USDC,EUR,0.97,2000000,0.0001,0.01,USDC/EUR,0.84,1700000,False,True,0.01000000,False,False,False,False,online,,False
436,NMR-USD,NMR,USD,0.023,7400,0.01,0.001,NMR/USD,1,200000,False,False,0.03000000,False,False,False,False,online,,False
437,AXS-USDT,AXS,USDT,0.007,2900,0.01,0.001,AXS/USDT,1,210000,False,False,0.03000000,False,False,False,False,online,,False
438,SHIB-USD,SHIB,USD,18000,210000000000,1E-8,1,SHIB/USD,1,5800000,False,False,0.03000000,False,False,False,False,online,,False
439,SUPER-USDT,SUPER,USDT,0.1,170000,0.01,0.01,SUPER/USDT,1,100000,False,False,0.03000000,False,False,False,False,online,,False
440,POLY-USD,POLY,USD,1,1100000,0.0001,1,POLY/USD,1,500000,False,False,0.03000000,False,False,False,False,online,,False
441,XTZ-BTC,XTZ,BTC,0.16,190000,1E-8,0.01,XTZ/BTC,0.000016,18,False,False,0.03000000,False,False,False,False,online,,False
442,RAD-GBP,RAD,GBP,0.07,27000,0.001,0.01,RAD/GBP,0.72,150000,False,False,0.03000000,False,False,False,False,online,,False
443,FIL-GBP,FIL,GBP,0.016,11000,0.01,0.001,FIL/GBP,0.72,220000,False,False,0.03000000,False,False,False,False,online,,False
444,ADA-ETH,ADA,ETH,0.5,660000,0.000001,0.01,ADA/ETH,0.00022,290,False,False,0.03000000,False,False,False,False,online,,False
445,SNT-USD,SNT,USD,1,5000000,0.00001,0.1,SNT/USD,1,250000,False,False,0.03000000,False,False,False,False,online,,False
446,RBN-USD,RBN,USD,0.1,140000,0.01,0.01,RBN/USD,1,100000,False,False,0.03000000,False,False,False,False,online,,False
447,IOTX-USD,IOTX,USD,4,520000,0.00001,1,IOTX/USD,1,130000,False,False,0.03000000,False,True,False,False,online,,False
448,FORTH-USD,FORTH,USD,0.063,28000,0.01,0.001,FORTH/USD,1,200000,False,False,0.03000000,False,False,False,False,online,,False
449,ATOM-USD,ATOM,USD,0.1,110000,0.01,0.01,ATOM/USD,1,4000000,False,False,0.03000000,False,False,False,False,online,,False
450,BTRST-USDT,BTRST,USDT,0.17,76000,0.001,0.01,BTRST/USDT,1,200000,False,False,0.03000000,False,False,False,False,online,,False
451,RLY-USDT,RLY,USDT,1,660000,0.0001,1,RLY/USDT,1,200000,False,False,0.03000000,False,False,False,False,online,,False
452,PLU-USD,PLU,USD,0.1,37000,0.01,0.01,PLU/USD,1,100000,False,False,0.03000000,False,False,False,False,online,,False
453,TRB-USD,TRB,USD,0.016,12000,0.01,0.001,TRB/USD,1,320000,False,False,0.03000000,False,False,False,False,online,,False
454,SOL-GBP,SOL,GBP,0.004,7200,0.01,0.001,SOL/GBP,0.72,740000,False,False,0.03000000,False,False,False,False,online,,False
455,DOGE-EUR,DOGE,EUR,3.7,7300000,0.0001,0.1,DOGE/EUR,0.84,1100000,False,False,0.03000000,False,False,False,False,online,,False
456,BAL-USD,BAL,USD,0.04,18000,0.01,0.001,BAL/USD,1,280000,False,False,0.03000000,False,False,False,False,online,,False
457,FORTH-BTC,FORTH,BTC,0.063,28000,1E-7,0.001,FORTH/BTC,0.000016,10,False,False,0.03000000,False,False,False,False,online,,False
458,XRP-EUR,XRP,EUR,1,500000,0.0001,0.000001,XRP/EUR,10,100000,False,False,0.10000000,False,False,False,True,delisted,,False
459,XRP-GBP,XRP,GBP,1,500000,0.0001,0.000001,XRP/GBP,10,100000,False,False,0.10000000,False,False,False,True,delisted,,False
460,XRP-USD,XRP,USD,1,500000,0.0001,0.000001,XRP/USD,10,100000,False,False,0.10000000,False,False,False,True,delisted,,False
461,GNT-USDC,GNT,USDC,1,490000,0.000001,1,GNT/USDC,1,200000,False,False,0.03000000,False,False,False,True,delisted,,False
462,XRP-BTC,XRP,BTC,1,500000,1E-8,1,XRP/BTC,0.001,30,False,False,0.10000000,False,False,False,True,delisted,,False
